{
    "px_level_th": 0.02301176130771637,
    "img_level_th": 0.09158267825841904
}