{
    "px_level_th": 0.15920346426963806,
    "img_level_th": 0.48363933801651
}