{
    "px_level_th": 0.01594907939434052,
    "img_level_th": 0.0628038614988327
}