{
    "px_level_th": 0.08817595899105072,
    "img_level_th": 0.17627506375312805
}