{
    "px_level_th": 0.07270071029663086,
    "img_level_th": 0.09418722569942474
}