{
    "px_level_th": 0.016875608161091805,
    "img_level_th": 0.050231815695762634
}