{
    "px_level_th": 0.013286660097539423,
    "img_level_th": 0.020160889364778996
}