{
    "px_level_th": 0.04231400698423386,
    "img_level_th": 0.1716817331314087
}