{
    "px_level_th": 0.01438284993171692,
    "img_level_th": 0.07994640535116196
}