{
    "px_level_th": 0.03265910014510155,
    "img_level_th": 0.088974968791008
}