{
    "px_level_th": 0.1720774507522583,
    "img_level_th": 0.27990163683891296
}