{
    "px_level_th": 0.034821327328681946,
    "img_level_th": 0.07631038445234299
}