{
    "px_level_th": 0.0418643581867218,
    "img_level_th": 0.19493595600128174
}