{
    "px_level_th": 0.029515167474746704,
    "img_level_th": 0.03866102933883667
}