{
    "px_level_th": 0.0234569263458252,
    "img_level_th": 0.0948751926422119
}